Customer Name,Mobile No,Email Id,Amount,Area,City,Address
Mehul Pativala,9904258740,mehulp@gmail.com,5015,katargam,surat,"singanpore char rasta ,395004"
Hardik Khambhaliya,9910254512,hardik@gmail.com,1025,katargam,surat,"dabholi char rasta ,395004"
ayush varsani,8866204578,ayushVarsani@gmail.com,7845,Mota varachha,surat,"ar mall ,394500"
vishvraj chavda,7845124540,vishvrajchavda@gmail.com,10054,olpad,surat,"char rasta ,348004"
kishan vaghani ,7845124451,kishan@gmail.com,78778,adajan,surat,"raj victoria near ,390004"
