Doctor Name,Email,Mobile No,License,Address,Clinic Name
bhavesh bhai,bhaveshb@gmail.com,9878542197,21547898,"katargam surat ,398000",akshar clinic
pradip bhai ,pradipsabva@gmail.com,2154789865,1248785,"rayshan ghandhinagar ,397800",parmeshwar clinic
vipul bhai,vipul@gmail.com,2154789826,787845,"main road botad ,360004",maruti clinic
ram bhai,ram@gmail.com,7854217978,12215454,"mota varachha surat ,980004",rameshwar clinic
viral bhai,viral@gmail.com,2154785671,78512,"yogi chock,surat",pavansut clinic
